男	刮鬍	男性	鋅	維生鋅	領帶	西裝	男用	DIY工具組	DIY	紳士	維他鋅	男性鋅	鋅維他	鋅元素	"+鋅"	活力鋅	鋅錠	克補鋅	男運動	B群鋅	男仕	控油	平口褲	紳仕	MAN	舒適	吉列																										
女	衛生棉	女性	四物鐵	精華液	保養品	高跟鞋	除毛	產後緊實	女用	化妝品	小臉機	胸罩	除妊娠紋	雪靴	睫毛	BB霜	CC霜	保濕	乳液	雙眼皮貼	避孕藥	女仕	含鐵	"+鐵"	桂格鐵	四物鐵	維生鐵	女性鐵	營養鐵	防紋霜	除紋霜	卸粧	卸妝	加長護墊	潔翼	蝶翼	肌的呼吸	瞬吸	動感護墊	棉條量多	輕柔護墊	超薄護墊	導管式棉條	淨吸柔護	蘇菲	蕾妮亞	好自在	妙而舒柔點	妙而舒頂級	康乃馨	溫柔宣言	輕柔美學	靠得住
孕婦	媽媽奶粉	懷孕	媽媽																																																		
嬰幼兒_3以下	尿片	幼兒成長	尿褲	副食品	米精	麥精	寶寶	嬰幼兒	奶瓶	嬰兒	娃娃	安全座椅	防撞桌角	幼兒	優生	桂格成長	克寧成長	健康成長	成長奶粉	幼兒奶粉	育嬰奶粉	成長麥粉	敏兒HA	好奇	安怡關鍵	妙兒褲	亞培小安素	亞培心美力	滿意輕巧	噓噓樂	幫寶適																						
學齡前兒童_3_6	蠟筆	益智教材	天線寶寶	湯瑪士小火車	花園寶寶	巧虎	小善存	三輪車	幼教	女童	男童	兒童奶粉	兒童牙刷	兒童牙膏	亞培安素	培樂多	KT	Nuby																																			
國小兒童_7_12	墊板	書套	直笛	兒童腳踏車	躲避球	毽子	溜溜球	生字簿	握筆器	女童	男童	小學生奶粉	小朋友奶粉	亞培兒童恩美力	兒童	健達																																					
13_18	轉大人	青木瓜四木飲	荳痘貼	參考書	少女內衣	抗痘	少女	少年	青少年	青少女	妙鼻貼	戰痘	長大人																																								
19_49	保險套	避孕藥	身體調和護理油	衛生棉	新歡縮的妙	月子餐	塑身衣	姑嫂丸	紳士	女仕	防紋霜	除紋霜	產後緊實	卸妝	卸妝	杜蕾斯																																					
50_64	藥酒	大豆異黃酮	月見草	老花眼鏡	染髮	銀杏	抗皺																																														
老人_65歲以上	包大人	假牙		銀寶善存	防滑片	拐杖	銀髮	防滑墊	放大鏡	扶手	染髮	葉黃素	固樂沙敏	銀杏	成人尿片	添寧	利清爽尿片	成人紙尿褲	成人看護墊	來復易	安怡長青	銀養	亞培葡勝納	自然原色																													
四腳型寵物	寵物	貓砂	貓乾糧	貓罐	貓	貓糧	狗糧	狗窩	狗罐	西莎	狗骨頭	犬	寶路	寶多福																																							
貓	貓糧	貓砂	貓乾糧	貓罐	貓																																																
狗	狗糧	狗窩	狗罐	西莎	狗骨頭	犬																																															
魚	魚飼料	魚缸																																																			
鼠	鼠飼料	鼠籠																																																			
個人的空間	棉被	被套	保潔墊	床包	床墊	香氛機	水氧機	掛勾	鬧鐘	檯燈	立鏡	三層組合櫃	衣櫃	衣櫥																																							
共有的空間	地毯	冷水壺	展示櫃	沙發	電視	電視棒	傢俱	家庭劇院	地板清潔劑	抱枕	壁貼	時鐘	隔熱膜	花瓶	燈飾	靠枕	毛毯	魚缸																																			
廚房	菜刀	陶瓷刀	微波爐	洗碗精	計時器	桌巾	餐墊	電鍋	炒鍋	烤箱	廚房收納	平底鍋	保鮮膜	鋁箔紙	小磨坊	煎鍋																																					
浴室	沐浴乳	洗髮精	牙刷	牙膏	香皂	手工皂	浴巾																																														
書房	相框	電腦	書櫃	筆記型電腦	喇叭	滑鼠墊																																															
隨身用品	袖珍面紙	手帕	隨身充電器	吸油面紙	防蚊液	墨鏡	防曬乳	體香	遮陽帽	水壺	耳機	皮夾	護唇膏	護手霜	香水	旅行組	隨身	太陽眼鏡	墨鏡																																		
運動用品	運動手套	彈性護腕	護膝	瑜珈	泳裝	高爾夫球帽	運動錶	慢跑鞋	運動手環	登山鞋	蛙鏡	泳圈	浮板	泳褲	運動護腕	運動襪																																					
春	蓮霧	水蜜桃																																																			
夏	隨身電風扇	泳裝	冷氣機濾網	涼感衣	啤酒	冰淇淋	冰棒	涼爽衣	涼麵		涼感降溫領巾	急凍冷卻噴霧	泳褲	水冷扇	止汗劑																																						
秋	釋迦	月餅																																																			
冬	暖暖包	暖爐	圍巾	發熱衣	薑母鴨	烘被機	羊肉爐	電毯	火鍋料	湯圓	懶人毯	毛帽																																									
加速時間	轉大人	青木瓜四物飲	通乳丸	肌酸	乳清蛋白	高蛋白	高鈣	生髮液	生髮慕斯	加鈣	四物鐵	鈣強	鮮奶	優鈣																																							
停止時間	膠原蛋白	左旋C	緊緻霜	維骨力	葉黃素	保鈣	"+鐵"	"+鋅"	大豆異黃酮	月見草	含鐵	女性鐵	加鐵	高鐵	B群鋅	鋅維他	鋅元素	活力鋅	鋅錠	克補鋅	男性鋅																																
追溯時間	新歡縮的妙	銀寶善存	除皺	染髮劑	自然原色																																																
紀錄時間	記憶卡	相機	相框	收藏箱	日誌	攝影機	錄音筆	藝術照	底片	行車紀錄器																																											
便方便/省時	沖調飲品	即溶咖啡	好神拖	無痕	微波爐	吸塵器	洗衣球	烘衣機	便利貼	洗碗機	保鮮	無線	電動牙刷	三合一	即沖	即食	真鍋	馬玉山	無塵氏	碧蓮	驅塵氏	康寶																															
雙重功能	涼感衣	發熱衣	吸排	吸濕排汗	排汗	速乾																																															
簡約飲食	泡麵	水餃	蔥油餅	包子	炒飯	調理包	罐頭	脆瓜	土豆麵筋	麵醬	炸醬	肉醬	鮪魚罐	龍鳳	蔥油派	活力Ohiyo	義大利麵	焗飯	火鍋餃	湯圓	冰冰好料理	同榮	老船長	灣仔碼頭	紅鷹牌																												
保護	銀幕保護	防滑貼	防磨	桌巾	防撞桌角	手機殼	手機保護套	防潮箱	除濕機	汽車蠟	防狼噴霧	止滑	防滑墊	防滑片																																							
環保_省電節能	LED燈泡	省水閥	遮光窗簾	充電電池	省電燈泡	環保購物袋	太陽能板	節能家電	電動機車	油電車	悶燒杯	悶燒鍋	馬桶省水器	環保	變頻	省電																																					
居家環境_避免	捕蚊燈	電蚊香	捕蚊	除濕	蟑	滅鼠	除蟲	防螨	紗窗	氣密窗	樟腦丸	防霉	消臭	除油	除塵	除垢	銀消臭	克潮靈	殺蟻	別蚊我	除臭	通樂	速必效	雷達	噴效	驅蚊	必安住																										
居家環境_加強	造型燈	盆栽	魚缸	壁貼	畫框	芳香劑	空氣清淨機	加濕機	地毯	桌布	香必飄	香滿室																																									
療癒	香氛精油	香氛蠟燭	水氧機	按摩油	按摩機	絨毛玩偶	絨毛玩具	小盆栽	念佛機	香精	抒壓	舒壓																																									
內化養顏	四物飲	膠原蛋白	保養品	覆盆莓飲	珍珠粉	Q10	燕窩	魚翅	葡萄籽	蜂王乳	美妍纖棗	活顏	美研社																																								
外在美型	洗臉機	荳荳貼	雙眼皮貼	水離子吹風機	小臉器	透白	乳液	睫毛膏	BB霜	CC霜	美白	美肌	淨白	亮白	細白	緊實	潤白	彤妍	美麗日記	面膜	凱婷	森田	菲希歐	媚比琳																													
纖盈窈窕	茶花綠茶	高纖	健康綠茶	呼拉圈	零脂	塑身衣	奇異果	美體按摩機	木瓜酵素	無糖	甲殼素	果醋	優酪乳	瑪黛	乳酸菌	益生菌	糙米	脫脂	酵素	美妍纖棗	低脂	自然之顏	自然本味	窈窕	每朝	植物之優	植物的優																										
提振精神	B群	刺五加	蒜精	蠔精	蜆錠		磁力貼	蜆精	雞精	雀巢咖啡	摩卡咖啡	麥斯威爾咖啡	義式咖啡	義大利咖啡	美式咖啡	濃縮咖啡	烘焙咖啡	濾泡咖啡	曼特寧咖啡	藍山咖啡	阿拉比卡咖啡	即溶咖啡	無糖咖啡	三合一咖啡	二合一咖啡	韋恩咖啡	伯朗咖啡	貝納頌咖啡	純萃喝咖啡	左岸咖啡	36法郎咖啡	西雅圖咖啡	拿鐵咖啡	焦糖瑪奇朵咖啡	真鍋咖啡	廣吉咖啡	UCC咖啡	研磨咖啡	白咖啡	曼巴咖啡	掛耳咖啡	思緒清晰	真鍋										
強效提神	激涼眼藥水	超涼口香糖	綠油精	康貝特	蠻牛	Red Bull	能量飲料	老虎牙子																																													
健康補益	雞精	蜆精	五穀米	燕麥片	小麥胚芽	魚油	滋補液	靈芝	人蔘	藥酒	 Omega-3	山藥	不飽和	非基因	胚芽	苜蓿芽	純天然	麥片	蜆錠	蠔精	十錦珍穀	鮮榖王	榖粉	榖珍	堅果	燕窩	蜂王乳	冬蟲夏草	克寧即溶																								
維持機能	葉黃素	"+鋅"	"+鐵"	益生菌	保鈣	維骨力	膠原蛋白	保肝	葡萄糖胺	牛樟芝	大燕麥片	解酒液	銀杏	魚油	大豆異黃酮	月見草	B群鋅	鋅維他	鋅元素	活力鋅	鋅錠	克補鋅	男性鋅	含鐵	女性鐵	加鐵	高鐵	高鈣	喝的燕麥	完膳																							
返老還童	染髮	生髮液	銀寶善存	葡萄籽	新歡縮的妙	緊緻霜	假髮	髮粉	青春露	美吾髮染																																											
價格	折價券	優惠	經濟	量販	補充包	耐用	限時	特價	特賣	高效	強效	超強	超值	萬用	促銷	家福	RT	家樂福																																			
感性文藝	紅酒	咖啡	無葉扇電風扇	雪酪	氣泡水	餐墊	桌布	甜甜圈	膠囊咖啡機	直立式吸塵器																																											
理性科學	礦泉水	白吐司	饅頭	雜糧	發熱衣	涼感衣	淨水器	空氣清淨機	電鍋	蘇打餅乾	過濾	濾芯																																									
奢華	氣泡水	雪酪	白蘭地	洗手乳	碗裝麵	陶瓷刀	洗碗機	茶葉	現磨咖啡	無葉扇電風扇	白酒	香檳	哈根達斯																																								
樸實	礦泉水	電風扇	日光燈	營養口糧	肥皂	包裝麵	菜刀	吐司	茶包	即溶咖啡	電風扇																																										
外放積極	運動飲料	碳酸飲料	跑步機	沙沙醬	草帽	球衣	啤酒	墨鏡	魔術內衣	掛耳咖啡	雀巢咖啡	摩卡咖啡	麥斯威爾咖啡	義式咖啡	義大利咖啡	美式咖啡	濃縮咖啡	烘焙咖啡	濾泡咖啡	曼特寧咖啡	藍山咖啡	阿拉比卡咖啡	即溶咖啡	無糖咖啡	三合一咖啡	二合一咖啡	韋恩咖啡	伯朗咖啡	貝納頌咖啡	純萃喝咖啡	左岸咖啡	36法郎咖啡	西雅圖咖啡	拿鐵咖啡	焦糖瑪奇朵咖啡	真鍋咖啡	廣吉咖啡	UCC咖啡	研磨咖啡	白咖啡	曼巴咖啡												
內斂保守	記帳簿	蔬果汁	礦泉水	烏龍茶	高粱酒	衛生褲	營養口糧	蘇打餅乾	豆漿	白吐司	高山茶	生茶	 阿里山茶	立頓綠茶	大絕韻綠茶	日式綠茶	台氏綠茶	青心綠茶	天仁茶	日月潭紅茶	金萱茶	東方美人茶	星野玉露	普洱茶	古道綠茶	好茶哉綠茶	生活綠茶	無糖綠茶	伊藤園綠茶	冷泡茶綠茶	芽尖茶	原翠綠茶	悅氏綠茶	純喫茶綠茶	茶裏王綠茶	御茶園綠茶	碧螺春																
韓風	韓式泡菜	真露	samsung	韓國泡菜	辣年糕	高麗蔘	石鍋拌飯	韓式	柚子茶	BB霜	CC霜	韓國	正官庄																																								
歐美風	漫威	美式	美國	漢堡	可口可樂	牛仔褲	帽T	穀片	蘇格蘭威士忌	白蘭地	提拉米蘇	披薩	義大利	百事可樂	雀巢咖啡	摩卡咖啡	麥斯威爾咖啡	義式咖啡	義大利咖啡	美式咖啡	濃縮咖啡	烘焙咖啡	濾泡咖啡	曼特寧咖啡	藍山咖啡	阿拉比卡咖啡	即溶咖啡	無糖咖啡	三合一咖啡	二合一咖啡	韋恩咖啡	伯朗咖啡	貝納頌咖啡	純萃喝咖啡	左岸咖啡	36法郎咖啡	西雅圖咖啡	拿鐵咖啡	焦糖瑪奇朵咖啡	真鍋咖啡	廣吉咖啡	UCC咖啡	研磨咖啡	白咖啡	曼巴咖啡								
台客	炸雞排	米粉	烏龍茶	米酒	鳳梨酥	菜圃餅	粉圓	花生仁湯	仙草	牛軋糖	蠶豆酥	鹹酥雞	台灣	古早味	傳統	台式	嘉禾																																				
泰式	泰式	泰國																																																			
日系	抹茶	烏龍麵	蕎麥麵	花壽司	清酒	握壽司	生魚片	和果子	鰻魚	玄米茶	味噌	鯛魚燒	Hello Kitty	多拉A夢	Kumamon	日本	北海道	豆皮壽司	壽司捲	綜合壽司	卷壽司	日式	和風	Jagabee																													
春節	春節禮盒	蛋捲																																																			
西洋情人節	情人節禮盒	刮鬍刀	香檳/氣泡酒	卡片	項鍊	領帶	皮帶	錶																																													
兒童節	兒童節禮盒	PSP	NDSL	XBOX	PS4	Wii	圖書禮卷																																														
母親節	母親節禮盒	保養品	按摩椅	化妝品	旅遊住宿券	卡片	母親節蛋糕	旅遊住宿券																																													
父親節	父親節禮盒	刮鬍刀	皮夾	威士忌	皮帶	領帶	手錶	皮鞋																																													
七夕情人節	情人禮盒	刮鬍刀	香檳/氣泡酒	卡片	項鍊	領帶	皮帶	錶																																													
節	中秋禮盒	月餅																																																			
春節	年菜	春聯	春聯	糖果盒	紅包袋	牛軋糖	撲克牌	骰子	傳統年糕	發糕	紅豆年糕	元寶年糕																																									
端午節	粽子	海山醬	甜辣醬	菖蒲	艾草	粽																																															
中秋節	月餅	烤肉夾	烤肉醬	烤肉架	木炭	火種																																															
聖誕/跨年	情趣用品	聖誕襪	聖誕帽	聖誕樹	聖誕裝飾品	威士忌	紅酒																																														
祭祀	發糕	傳統年糕	金紙	蠟燭	金桶	元寶年糕	紅豆年糕	元寶年糕																																													
Hello Kitty	Hello Kitty																																																				
多拉A夢	多拉A夢	哆啦A夢																																																			
米老鼠	米老鼠																																																				
米妮	米妮																																																				
維尼熊	維尼熊																																																				
唐老鴨	唐老鴨																																																				
米奇	米奇																																																				
拉拉熊	拉拉熊																																																				
迪士尼	迪士尼																																																				
奶油獅	奶油獅																																																				
史奴比	史奴比																																																				
自我滿足	限定	限量																																																			
素食	全素	素食	蛋奶素	隨緣	寶素齋	天恩	正義寶素齋																																														
口腔保健-基礎	牙線	牙刷	黑人	百齡	家護	高露潔																																															
口腔保健-進階	護牙	漱口水	牙間刷	護龈	抗敏感	舒酸定	李施德霖	固特齒	德恩奈	歐樂B																																											
擁有汽車	SONAX	TATSU	BOSCH	Carmate	KORIN	ORDER	車世界	雨刷	汽車	車用																																											
擁有摩托車	國光牌	嘉實多	機車																																																		
社交體面	易口舒	青箭	蕊娜	李施德霖	德恩奈	漱口水	沁涼薄荷	沁新檸檬	沙宣																																												
抗菌	沙威隆	依必朗	美琪	綠的	抗菌	防螨	滴露																																														
原本食味	手做	手打																																																			
用的安心	無毒	橘子工坊	產銷履歷	綠天使	履歷	濾心	濾芯	無螢光																																													
吃的安心	有機	青的農場	吉園圃																																																		
安全	耐熱	防爆	耐高溫																																																		
基礎保健	養樂多	鮮奶	牛乳	每日C	每朝	波蜜 	活益比菲多	建健美	LP33	植物之優	植物的優																																										
進階保健	黑麥汁	亞麻子	燕麥	五穀	十穀	決明子	無患子	健康醋	百家珍																																												
專屬清潔	舒摩兒	立朵舒																																																			
